Name,Number,Date,Duration
Aarav,9876543210,2025-10-28,120
Aditi,9823012345,2025-10-29,60
Akash,9810011122,2025-10-27,45
Ananya,9123456780,2025-10-25,150
Aniket,9898123456,2025-10-31,210
Arjun,9012345678,2025-10-29,75
Bhavya,9988776655,2025-10-26,300
Chirag,9090909090,2025-10-30,180
Darshan,9345678901,2025-10-30,90
Deepa,9977554433,2025-10-31,240
Devika,9823456789,2025-10-27,60
Diya,9123456789,2025-10-28,45
Esha,9845012345,2025-10-31,200
Gaurav,9012789123,2025-10-29,300
Harini,9700123456,2025-10-27,75
Ishaan,9876001234,2025-10-28,120
Jatin,9812345678,2025-10-30,180
Kabir,9998887776,2025-10-29,210
Karan,9988776655,2025-10-31,300
Kavya,9789098765,2025-10-25,60
Krishna,9822001234,2025-10-26,90
Lakshmi,9810010090,2025-10-29,45
Madhav,9034567890,2025-10-30,100
Manav,9123009876,2025-10-28,130
Meera,9090909090,2025-10-29,60
Mohit,9911223344,2025-10-31,150
Neha,9800123456,2025-10-27,85
Nikhil,9898989898,2025-10-30,240
Pari,9000001111,2025-10-25,200
Pooja,9797979797,2025-10-26,180
Pranav,9955667788,2025-10-31,160
Rhea,9876543222,2025-10-30,120
Rishi,9812345000,2025-10-27,60
Rohan,9812345678,2025-10-30,200
Saanvi,9922113344,2025-10-28,100
Sahil,9988771122,2025-10-27,140
Sara,9001234567,2025-10-29,80
Tanvi,9321098765,2025-10-31,170
Tara,9810098765,2025-10-30,210
Vihaan,9876543211,2025-10-28,90
